feature,final_fit,fold_mean,fold_std,no_smote_fold_mean,no_smote_fold_std
cart_items,5.74431977072945,5.175716838242514,0.27339288966388126,4.9217078110347945,0.2499197882445129
previous_purchases,4.773305278338274,4.432084939329687,0.3478495529090423,4.127973019826427,0.32751925774190355
discount_seen,3.512066926031374,3.186904737138667,0.3321426201883976,2.8815124427866157,0.3090491341515938
avg_session_time,3.4586899620151335,3.0316396454347525,0.7214387612637466,3.1042526209245795,0.721512714287966
returning_user,3.206260153038801,2.8638242837308736,0.4248783273914921,2.5899063694459916,0.39594443669777984
time_on_site,2.2548148364005374,2.3828794294140976,0.7668704138646287,1.9672217289864133,0.7937987544887439
pages_viewed,1.505054791047238,1.505602543674854,0.23919740117842567,1.3472408779550102,0.2245287884025533
device_type_Tablet,1.397040309794694,1.171770109923258,0.5378812843897713,0.7574481517458382,0.5778442399642574
gender_Male,1.2562859746341994,1.227221527488554,0.4794612423457186,0.9722455816165528,0.4488231370288201
device_type_Mobile,0.38389106986007426,0.16606289772858346,0.40492086581034187,0.20393915726780956,0.3707453872696875
age,-0.27873220109456115,-0.21069565869996387,0.2611624251392332,-0.172716631468519,0.2550605159037663
ad_clicked,-0.6594245373893426,-0.5404155819581654,0.47478024947936753,-0.6679307231433672,0.44187308146310206
bounce_rate,-4.06316677517246,-3.901703788955462,0.2648284666116916,-3.5057272645128466,0.2638288743883784
