,PC1,PC2,PC3
age,0.009920763926618408,0.016635699771171634,-0.3227067220574183
time_on_site,0.7056468618795952,0.014332678550875472,-0.004728564248868139
pages_viewed,-0.04819475787518221,0.04058623330984415,-0.22893438825778792
previous_purchases,-0.003392838040900655,0.017215096441236803,0.4389046034632766
cart_items,-0.008569351290220028,0.023731726684528144,-0.3307739441068248
avg_session_time,0.7054675327122748,0.010992189543870557,0.006236934485347721
bounce_rate,0.01590461839083505,0.022303049437490754,-0.18427282149429497
discount_seen,-0.013779127890921478,0.033499980384968486,0.35725929875506535
ad_clicked,-0.019387988392029886,-0.02378200226311486,0.09847186103367538
returning_user,0.018589520184221185,0.04963896794839853,-0.15135506248048697
gender_Male,0.0038647277808089623,0.02912909157162946,0.5891825219451888
device_type_Mobile,0.001804520321672225,0.7044663269241759,0.001806797020250478
device_type_Tablet,0.02625808851993537,-0.7036473602878522,0.0021107760691516445
