threshold,recall,precision,flagged_per_run,caught_per_run
0.05,1.0,0.10802523169047233,120.4,13.0
0.1,1.0,0.13531166881990014,96.4,13.0
0.15,1.0,0.15384404851565586,84.6,13.0
0.2,1.0,0.17771815569008745,73.4,13.0
0.25,1.0,0.19548779722692763,66.6,13.0
0.3,1.0,0.21415699810853908,60.8,13.0
0.35,1.0,0.22658011188110544,57.4,13.0
0.4,1.0,0.2450045906238274,53.2,13.0
0.45,0.9846153846153847,0.25731914893617025,49.8,12.8
0.5,0.9692307692307693,0.27690956072351425,45.6,12.6
0.55,0.9384615384615385,0.2956852225701675,41.4,12.2
0.6,0.923076923076923,0.31503581271023134,38.2,12.0
0.65,0.9076923076923077,0.3236387971682089,36.4,11.8
0.7,0.8923076923076924,0.3472370766488414,33.4,11.6
0.75,0.876923076923077,0.37290322580645163,30.6,11.4
0.8,0.876923076923077,0.4095482295482295,27.8,11.4
0.85,0.8153846153846154,0.43820406646493604,24.2,10.6
0.9,0.8,0.486950280840441,21.4,10.4
0.95,0.7076923076923078,0.566953781512605,16.4,9.2
