feature,dt_importance_mean,dt_importance_std,rf_importance_mean,rf_importance_std
cart_items,0.6520923904913373,0.11930125226862855,0.25192732027674325,0.011937013177444486
previous_purchases,0.2260215598650152,0.14564455254896766,0.19655150058447995,0.020909615713687324
avg_session_time,0.043127152862004296,0.03377070357373979,0.16080380824245077,0.020397991284010274
bounce_rate,0.02386796176682481,0.038583644586156964,0.14481692299690402,0.03729878222559795
time_on_site,0.04876139548369057,0.09914922833548429,0.09924498026570983,0.05011539264699243
discount_seen,0.0018064208475818439,0.0033276202477453207,0.04004479164674032,0.015644148592583087
gender_Male,0.0008814952115019187,0.002889390005879297,0.03199726231605392,0.01889588492435836
pages_viewed,0.0022937019404428087,0.003480527416888879,0.02934694096829072,0.010938610185022735
returning_user,0.0010046835183346475,0.003465222352767849,0.024960762210503012,0.012464800332224916
age,0.00010952572572072258,0.00044907761237497764,0.007311311045653322,0.004389762987545247
device_type_Tablet,3.2246254702777907e-06,3.208461832300424e-05,0.004794893631955807,0.002629120474707961
ad_clicked,0.0,0.0,0.004133736471546069,0.001768743312172113
device_type_Mobile,3.0487662075771477e-05,0.0002300158242925568,0.004065769342969057,0.0022018668906579712
